"","data","Condition","Time","Group"
"HH6v3_pos_CGATGT","HH6v3_pos_CGATGT","NC","6","NC_6"
"HH6v3_neg_TGACCA","HH6v3_neg_TGACCA","WE","6","WE_6"
"HH8v3_pos_ACAGTG","HH8v3_pos_ACAGTG","NC","8","NC_8"
"HH8v3_neg_GCCAAT","HH8v3_neg_GCCAAT","WE","8","WE_8"
"HH16calz_pos_CAGATC","HH16calz_pos_CAGATC","NC","16","NC_16"
"HH16calz_neg_CTTGTA","HH16calz_neg_CTTGTA","WE","16","WE_16"
"HH12_pGFP_V4_1_CATGGC","HH12_pGFP_V4_1_CATGGC","NC","12","NC_12"
"HH12_mGFP_V4_1_CATTTT","HH12_mGFP_V4_1_CATTTT","WE","12","WE_12"
"HH12_pGFP_V4_2_CCAACA","HH12_pGFP_V4_2_CCAACA","NC","12","NC_12"
"HH12_mGFP_V4_2_TAATCG","HH12_mGFP_V4_2_TAATCG","WE","12","WE_12"
"HH6_pGFP_2_ATCACG","HH6_pGFP_2_ATCACG","NC","6","NC_6"
"HH8_pGFP_1_TTAGGC","HH8_pGFP_1_TTAGGC","NC","8","NC_8"
"HH10_pGFP_2_ACAGTG","HH10_pGFP_2_ACAGTG","NC","10","NC_10"
"HH12_pGFP_1_ACTTGA","HH12_pGFP_1_ACTTGA","NC","12","NC_12"
"HH6_mGFP_2_GGCTAC","HH6_mGFP_2_GGCTAC","WE","6","WE_6"
"HH8_mGFP_1_AGTCAA","HH8_mGFP_1_AGTCAA","WE","8","WE_8"
"HH10_mGFP_1_ATGTCA","HH10_mGFP_1_ATGTCA","WE","10","WE_10"
"HH14_pGFP_2_GAGTGG","HH14_pGFP_2_GAGTGG","NC","14","NC_14"
"HH16_pGFP_1_ATTCCT","HH16_pGFP_1_ATTCCT","NC","16","NC_16"
"HH14_mGFP_2_CACCGG","HH14_mGFP_2_CACCGG","WE","14","WE_14"
"HH16_mGFP_1_CAGGCG","HH16_mGFP_1_CAGGCG","WE","16","WE_16"
"HH6_pGFP_3_CGATGT","HH6_pGFP_3_CGATGT","NC","6","NC_6"
"HH8_pGFP_3_TGACCA","HH8_pGFP_3_TGACCA","NC","8","NC_8"
"HH10_pGFP_3_GCCAAT","HH10_pGFP_3_GCCAAT","NC","10","NC_10"
"HH12_pGFP_2_GATCAG","HH12_pGFP_2_GATCAG","NC","12","NC_12"
"HH6_mGFP_3_CTTGTA","HH6_mGFP_3_CTTGTA","WE","6","WE_6"
"HH8_mGFP_3_AGTTCC","HH8_mGFP_3_AGTTCC","WE","8","WE_8"
"HH12_mGFP_2_GTGGCC","HH12_mGFP_2_GTGGCC","WE","12","WE_12"
"HH14_pGFP_3_ATGAGC","HH14_pGFP_3_ATGAGC","NC","14","NC_14"
"HH14_mGFP_3_CACGAT","HH14_mGFP_3_CACGAT","WE","14","WE_14"
"HH16_mGFP_2_CATGGC","HH16_mGFP_2_CATGGC","WE","16","WE_16"
"HH16_pGFP_2_CAACTA","HH16_pGFP_2_CAACTA","NC","16","NC_16"
"HH12_mGFP_1_GTGAAA","HH12_mGFP_1_GTGAAA","WE","12","WE_12"
"HH10_mGFP_2_GTAGAG","HH10_mGFP_2_GTAGAG","WE","10","WE_10"
"6_pos_lib_ATCACG","6_pos_lib_ATCACG","NC","6","NC_6"
"6_neg_lib_TGACCA","6_neg_lib_TGACCA","WE","6","WE_6"
"8_pos_lib_CGATGT","8_pos_lib_CGATGT","NC","8","NC_8"
"8_neg_lib_ACAGTG","8_neg_lib_ACAGTG","WE","8","WE_8"
"10_pos_lib_TTAGGC","10_pos_lib_TTAGGC","NC","10","NC_10"
"10_neg_lib_GCCAAT","10_neg_lib_GCCAAT","WE","10","WE_10"
"16_1_2_pos_ASH_AGTCAA","16_1_2_pos_ASH_AGTCAA","NC","16","NC_16"
"16_1_2_neg_ASH_AGTTCC","16_1_2_neg_ASH_AGTTCC","WE","16","WE_16"
"16_1_pos_ASH_ATGTCA","16_1_pos_ASH_ATGTCA","NC","16","NC_16"
"16_1_neg_ASH_CCGTCC","16_1_neg_ASH_CCGTCC","WE","16","WE_16"
"10_pos_ASH_GTGGCC","10_pos_ASH_GTGGCC","NC","10","NC_10"
"10_neg_ASH_GTTTCG","10_neg_ASH_GTTTCG","WE","10","WE_10"
"12_pos_ASH_CGTACG","12_pos_ASH_CGTACG","NC","12","NC_12"
"12_neg_ASH_GAGTGG","12_neg_ASH_GAGTGG","WE","12","WE_12"
"14_pos_ASH_ACTGAT","14_pos_ASH_ACTGAT","NC","14","NC_14"
"14_neg_ASH_ATTCCT","14_neg_ASH_ATTCCT","WE","14","WE_14"
